Batch,Tunge nr,Plassering,Kraft,Filnavn,Vekt [gr],Start time,End time,Tongue Temp (IR),Pipe temp sensor,Pipe temp IR,Frostskade,Avrivningsskade,Dårlig kvalitet,Kommentar,contact_time(s),total_force_app_time(s),num_force_applications,detach_force(g),plot_path
1,1,APEX,Motor,11.03.25 15-09-45.csv,173,11.03.25 15-07-00,11.03.25 15-10-59,,-6.4,-11.0,False,False,False,Lett skadd tunge,4.7552140000000005,2.3560000000000003,1,322.11,./main/output/plots/11.03.25 15-09-45.png
1,1,BASIS,Rykk,11.03.25 15-45-53.csv,173,11.03.25 15-45-00,11.03.25 15-46-59,31.0,-25.0,-5.0,True,False,False,,3.4070149999999995,3.155,1,890.25,./main/output/plots/11.03.25 15-45-53.png
1,2,BASIS,Motor,11.03.25 15-14-24.csv,188,11.03.25 15-13-00,11.03.25 15-14-59,30.0,-9.5,-5.0,False,True,False,,7.888199,4.007785999999999,1,644.94,./main/output/plots/11.03.25 15-14-24.png
1,2,APEX,Motor,11.03.25 15-47-59.csv,188,11.03.25 15-47-00,11.03.25 15-48-59,27.0,-22.0,-4.0,True,True,True,dårlig apex,6.208213000000001,4.428206,1,261.34,./main/output/plots/11.03.25 15-47-59.png
1,3,APEX,Motor,11.03.25 15-17-00.csv,225,11.03.25 15-16-00,11.03.25 15-17-59,28.0,-9.2,-4.0,False,True,True,løs hinne som slapp,3.935214,0.0,0,166.9,./main/output/plots/11.03.25 15-17-00.png
1,3,BASIS,Motor,11.03.25 15-52-11.csv,225,11.03.25 15-50-00,11.03.25 15-52-59,33.0,-4.0,-18.0,True,False,False,,5.594213,4.397992,1,41.11,./main/output/plots/11.03.25 15-52-11.png
1,4,APEX,Rykk,11.03.25 15-20-11.csv,224,11.03.25 15-19-00,11.03.25 15-20-59,,-7.0,4.0,False,False,False,,5.351,0.0,0,1035.16,./main/output/plots/11.03.25 15-20-11.png
1,4,BASIS,Rykk,11.03.25 15-54-15.csv,224,11.03.25 15-53-00,11.03.25 15-54-59,34.0,-12.0,-13.0,True,True,False,fint rykk og skade,2.756,2.3440000000000003,1,740.29,./main/output/plots/11.03.25 15-54-15.png
1,5,BASIS,Motor,11.03.25 15-38-13.csv,213,11.03.25 15-36-00,11.03.25 15-38-59,28.0,-11.0,5.0,True,False,False,,6.192213000000001,0.8077870000000003,2,108.72,./main/output/plots/11.03.25 15-38-13.png
1,5,APEX,Rykk,11.03.25 15-55-41.csv,213,11.03.25 15-55-00,11.03.25 15-57-59,34.0,-17.0,-17.0,True,True,False,"Satt godt, lang hold, løs men god apex",6.6080000000000005,6.187984999999999,1,919.81,./main/output/plots/11.03.25 15-55-41.png
1,6,BASIS,Rykk,11.03.25 15-41-59.csv,168,11.03.25 15-39-00,11.03.25 15-42-59,,-15.0,-22.0,True,False,False,"Siste med rig rykk, tunga fløy avgårde",10.183017,1.54,1,436.19,./main/output/plots/11.03.25 15-41-59.png
1,6,APEX,Rykk,11.03.25 15-57-17.csv,168,11.03.25 15-56-00,11.03.25 15-58-59,34.5,-18.0,-11.0,True,True,False,"ok hinne, liten frostskade, synlig avrivning",2.811,2.008007,1,434.23,./main/output/plots/11.03.25 15-57-17.png
2,1,BASIS,Motor,12.03.25 13-25-11.csv,187,12.03.25 13-23-00,12.03.25 13-25-59,34.0,,-5.0,True,False,False,Står apex på bildet,7.013212,3.891,2,157.36,./main/output/plots/12.03.25 13-25-11.png
2,1,APEX,Rykk,12.03.25 13-40-44.csv,187,12.03.25 13-39-00,12.03.25 13-41-59,33.0,-26.0,-11.0,True,True,True,"Står basis på bildet. Står ""før"" på etterbildet. Løs hinne",2.491985,2.12,1,552.42,./main/output/plots/12.03.25 13-40-44.png
2,2,BASIS,Rykk,12.03.25 13-27-44.csv,184,12.03.25 13-26-00,12.03.25 13-28-59,35.0,1.5,-7.0,True,True,False,Fin skade,5.003007,3.742,1,1328.97,./main/output/plots/12.03.25 13-27-44.png
2,2,APEX,Motor,12.03.25 13-42-54.csv,184,12.03.25 13-42-00,12.03.25 13-44-59,34.0,-25.0,-9.0,True,True,True,"ok skade, dårlig apex med løs/ingen hinne",7.271214,4.8822220000000005,2,141.34,./main/output/plots/12.03.25 13-42-54.png
2,3,APEX,Motor,12.03.25 13-30-28.csv,159,12.03.25 13-29-00,12.03.25 13-30-59,37.0,-2.0,-4.0,True,True,True,dårlig apex,4.791214,1.464,1,279.43,./main/output/plots/12.03.25 13-30-28.png
2,3,BASIS,Motor,12.03.25 13-45-44.csv,159,12.03.25 13-44-00,12.03.25 13-46-59,35.0,-17.0,-6.0,True,False,False,,6.655214,3.816,1,451.48,./main/output/plots/12.03.25 13-45-44.png
2,4,APEX,Motor,12.03.25 13-32-57.csv,173,12.03.25 13-31-00,12.03.25 12-33-59,34.0,-6.0,-1.0,False,True,False,"delvis avrivning, middels apex, litt mye blod på overflate: tunga er på formalin",6.987214000000001,5.375444,1,148.77,./main/output/plots/12.03.25 13-32-57.png
2,4,BASIS,Motor,12.03.25 13-47-31.csv,173,12.03.25 13-46-00,12.03.25 13-47-59,36.0,-17.0,-10.0,True,True,False,"tunga er på formalin, fin skade",6.192214,3.0759920000000003,1,747.93,./main/output/plots/12.03.25 13-47-31.png
2,5,APEX,Rykk,12.03.25 13-36-38.csv,173,12.03.25 13-35-00,12.03.25 13-37-59,36.0,,-18.0,True,False,False,"middels apex, god skade",3.992,3.0480020000000003,1,75.76,./main/output/plots/12.03.25 13-36-38.png
2,5,BASIS,Rykk,12.03.25 13-50-48.csv,173,12.03.25 13-50-00,12.03.25 13-51-59,37.0,-15.0,-4.0,False,True,False,"dårlig rykk, liten avrivning",2.320015,1.3880000000000003,1,795.03,./main/output/plots/12.03.25 13-50-48.png
2,6,BASIS,Rykk,12.03.25 13-38-38.csv,209,12.03.25 13-37-00,12.03.25 13-39-59,37.0,-19.0,-13.0,True,True,False,minimal avrivning,5.291,4.144,1,355.86,./main/output/plots/12.03.25 13-38-38.png
2,6,APEX,Rykk,12.03.25 13-52-22.csv,209,12.03.25 13-51-00,12.03.25 13-52-59,36.0,-12.0,0.0,True,True,True,dårlig apex,2.611,1.958986,1,90.74,./main/output/plots/12.03.25 13-52-22.png
3,1,APEX,Rykk,12.03.25 14-22-44.csv,184,12.03.25 14-21-00,12.03.25 14-23-59,34.0,-11.0,-21.0,True,False,False,"Enormt god kvalitet, på formalin. Liten skade på apex høyre side fra før",8.063213999999999,3.808,1,754.3,./main/output/plots/12.03.25 14-22-44.png
3,1,BASIS,Motor,12.03.25 14-38-26.csv,184,12.03.25 14-37-00,12.03.25 14-38-59,32.0,-27.0,-11.0,True,False,False,"Løsnet lett, på formalin",0.012,0.0,0,7.21,./main/output/plots/12.03.25 14-38-26.png
3,2,APEX,Motor,12.03.25 14-24-46.csv,214,12.03.25 14-23-00,12.03.25 14-25-59,34.0,-16.0,-17.0,True,False,True,"Står ""før"" på etterbilde",8.783214000000001,6.515999999999999,1,313.32,./main/output/plots/12.03.25 14-24-46.png
3,2,BASIS,Rykk,12.03.25 14-42-25.csv,214,12.03.25 14-41-00,12.03.25 14-42-59,38.0,-19.0,-5.0,True,True,False,"Satt veldig godt, seigt rykk",4.963,2.3280070000000004,2,1271.68,./main/output/plots/12.03.25 14-42-25.png
3,3,BASIS,Rykk,12.03.25 14-27-01.csv,185,12.03.25 14-25-00,12.03.25 14-27-59,33.0,-21.0,-14.0,True,True,False,fin skade,2.635007,2.0640080000000003,1,973.72,./main/output/plots/12.03.25 14-27-01.png
3,3,APEX,Motor,12.03.25 14-46-40.csv,185,12.03.25 14-45-00,12.03.25 14-46-59,37.0,-9.0,-15.0,True,False,False,"Står ""før"" på etterbildet, middels apex, løsnet lett",4.439214,2.999213,1,156.84,./main/output/plots/12.03.25 14-46-40.png
3,4,BASIS,Rykk,12.03.25 14-28-55.csv,215,12.03.25 14-27-00,12.03.25 14-29-59,34.0,-22.0,-9.0,False,True,False,"Satt veldig godt, brukte 3 forsøk på rykk",6.11,2.819,1,1262.13,./main/output/plots/12.03.25 14-28-55.png
3,4,APEX,Rykk,12.03.25 14-48-53.csv,215,12.03.25 14-47-00,12.03.25 14-49-59,38.0,-14.0,-11.0,True,True,False,Stor avrivningsskade,7.463007,6.631006,1,1484.94,./main/output/plots/12.03.25 14-48-53.png
3,5,BASIS,Motor,12.03.25 14-32-14.csv,187,12.03.25 14-31-00,12.03.25 14-32-59,37.0,,-22.0,True,False,False,ok frostskade,5.310245999999999,3.951993,1,99.93,./main/output/plots/12.03.25 14-32-14.png
3,5,APEX,Rykk,12.03.25 14-50-41.csv,187,12.03.25 14-50-00,12.03.25 14-52-59,38.0,-18.0,-7.0,True,True,True,"mistet tunga før rykk, brukte ikke strikkepinne. Står ""før"" på etterbildet",5.034015,2.672,1,674.57,./main/output/plots/12.03.25 14-50-41.png
3,6,APEX,Motor,12.03.25 14-35-56.csv,224,12.03.25 14-33-00,12.03.25 14-36-59,34.0,-21.0,-27.0,True,False,False,"middels apex, løsnet lett",6.028257,3.128,1,74.42,./main/output/plots/12.03.25 14-35-56.png
3,6,BASIS,Motor,12.03.25 14-52-31.csv,224,12.03.25 14-51-00,12.03.25 14-52-59,36.0,-17.0,-5.0,True,True,False,Stor avrivningsskade,8.124198999999999,2.599,1,1028.98,./main/output/plots/12.03.25 14-52-31.png
4,1,APEX,Rykk,12.03.25 15-18-20.csv,218,12.03.25 15-17-00,12.03.25 15-18-59,36.0,-6.0,-16.0,True,False,False,"middels apex, pent rykk og frostskade",5.495,3.867,1,477.67,./main/output/plots/12.03.25 15-18-20.png
4,1,BASIS,Motor,12.03.25 15-30-55.csv,218,12.03.25 15-30-00,12.03.25 15-31-59,35.0,-29.0,-14.8,True,False,False,Lite kontaktareal med rør,9.48925,6.103,2,193.09,./main/output/plots/12.03.25 15-30-55.png
4,2,BASIS,Rykk,12.03.25 15-20-09.csv,194,12.03.25 15-19-00,12.03.25 15-20-59,34.0,-6.0,-15.0,True,True,False,,3.72,2.436007,1,540.22,./main/output/plots/12.03.25 15-20-09.png
4,2,APEX,Motor,12.03.25 15-34-33.csv,194,12.03.25 15-32-00,12.03.25 15-34-59,34.0,-11.0,-17.0,True,False,False,"ok apex, løsnet greit",7.209214,4.885007,1,252.78,./main/output/plots/12.03.25 15-34-33.png
4,3,BASIS,Motor,12.03.25 15-22-08.csv,226,12.03.25 15-21-00,12.03.25 15-22-59,35.0,-18.0,-12.0,True,True,False,"liten avrivningsskade, kjørte først feil vei med motor",6.771214,2.556,1,210.66,./main/output/plots/12.03.25 15-22-08.png
4,3,APEX,Motor,12.03.25 15-36-17.csv,226,12.03.25 15-35-00,12.03.25 15-36-59,34.0,-8.0,-12.0,True,True,True,avrivning i løs hinne som ble strukket langt,8.729213999999999,5.023993,1,1008.2,./main/output/plots/12.03.25 15-36-17.png
4,4,BASIS,Motor,12.03.25 15-25-10.csv,233,12.03.25 15-23-00,12.03.25 15-25-59,33.0,-10.0,-26.0,True,False,False,"løsnet lett, lite kontaktareal",5.914213999999999,3.244,1,98.03,./main/output/plots/12.03.25 15-25-10.png
4,4,APEX,Rykk,12.03.25 15-38-05.csv,233,12.03.25 15-37-00,12.03.25 15-38-59,32.0,-8.0,-8.0,True,True,True,Dårlig apex med løs hinne,2.778984,2.559001,1,324.59,./main/output/plots/12.03.25 15-38-05.png
4,5,APEX,Rykk,12.03.25 15-27-10.csv,148,12.03.25 15-26-00,12.03.25 15-27-59,31.0,-21.0,-20.0,True,False,False,"middels apex, ok skade",2.612,1.992,1,249.2,./main/output/plots/12.03.25 15-27-10.png
4,5,BASIS,Rykk,12.03.25 15-39-28.csv,148,12.03.25 15-38-00,12.03.25 15-39-59,34.0,-8.0,-5.0,True,True,False,"Dårlig rykk, ""hakket"" litt i rykket",4.614,3.866000000000001,1,1030.18,./main/output/plots/12.03.25 15-39-28.png
4,6,APEX,Rykk,12.03.25 15-28-57.csv,175,12.03.25 15-28-00,12.03.25 15-29-59,33.0,-27.0,-17.0,True,False,True,løsnet fint,2.9359920000000006,1.864,1,269.08,./main/output/plots/12.03.25 15-28-57.png
4,6,BASIS,Motor,12.03.25 15-42-56.csv,175,12.03.25 15-41-00,12.03.25 15-43-59,29.0,,-29.0,True,False,False,løsnet fint,3.839257,1.343993,1,218.17,./main/output/plots/12.03.25 15-42-56.png
5,1,APEX,Motor,12.03.25 15-59-53.csv,196,12.03.25 15-59-00,12.03.25 16-00-59,37.0,6.0,-16.0,True,False,True,seig og løs hinne,5.007212,1.372,1,580.32,./main/output/plots/12.03.25 15-59-53.png
5,1,BASIS,Rykk,12.03.25 16-13-24.csv,196,12.03.25 16-13-00,12.03.25 16-15-59,36.0,-21.0,-17.0,True,False,False,,7.49,6.766,1,257.63,./main/output/plots/12.03.25 16-13-24.png
5,2,APEX,Motor,12.03.25 16-01-44.csv,196,12.03.25 16-01-00,12.03.25 16-02-59,37.0,3.0,-11.0,True,True,True,løs hinne som ble strekt ,6.822214000000001,2.631007,1,655.49,./main/output/plots/12.03.25 16-01-44.png
5,2,BASIS,Motor,12.03.25 16-14-49.csv,196,12.03.25 16-14-00,12.03.25 16-15-59,35.0,-23.0,-18.0,False,True,False,God strekk i tunge ved skadested,4.151214,1.888,2,146.72,./main/output/plots/12.03.25 16-14-49.png
5,3,BASIS,Rykk,12.03.25 16-04-11.csv,220,12.03.25 16-03-00,12.03.25 16-04-59,35.0,-3.0,-6.0,True,True,False,"vanninnslipp i pose, tunge ser kokt ut. Ok rykk med bevegelse mot personen (ikke rett opp)",6.008007,4.524,1,1206.51,./main/output/plots/12.03.25 16-04-11.png
5,3,APEX,Motor,12.03.25 16-17-56.csv,220,12.03.25 16-16-00,12.03.25 16-18-59,35.0,-14.0,-8.0,True,True,True,grå tunge etter vanninnslipp i pose. løs hinne som ble strekt ,7.512214,2.9319999999999995,1,1020.09,./main/output/plots/12.03.25 16-17-56.png
5,4,BASIS,Rykk,12.03.25 16-06-10.csv,205,12.03.25 16-05-00,12.03.25 16-06-59,36.0,-3.0,-6.0,True,False,False,"Liten frostskade, løsnet lett",2.575,1.444001,1,684.93,./main/output/plots/12.03.25 16-06-10.png
5,4,APEX,Rykk,12.03.25 16-19-28.csv,205,12.03.25 16-18-00,12.03.25 16-20-59,35.0,-14.0,-7.0,True,True,True,Flyttet motor før rykk,7.113,5.563,1,890.75,./main/output/plots/12.03.25 16-19-28.png
5,5,BASIS,Motor,12.03.25 16-09-59.csv,231,12.03.25 16-09-00,12.03.25 16-10-59,37.0,,-22.0,True,False,False,Løsnet lett,8.749257,6.178,1,162.69,./main/output/plots/12.03.25 16-09-59.png
5,5,APEX,Rykk,12.03.25 16-20-46.csv,231,12.03.25 16-20-00,12.03.25 16-20-59,36.0,-14.0,-4.0,False,True,True,Liten avrivningsskade,2.075,1.3280000000000003,1,858.6,./main/output/plots/12.03.25 16-20-46.png
5,6,APEX,Motor,12.03.25 16-11-49.csv,158,12.03.25 16-11-00,12.03.25 16-12-59,36.0,-3.0,-25.0,True,False,True,ingen hinne (kun muskel) i kontaktområde. God strekk i tunge ved de-attach,9.072214,4.5600000000000005,1,473.94,./main/output/plots/12.03.25 16-11-49.png
5,6,BASIS,Rykk,12.03.25 16-22-05.csv,158,12.03.25 16-21-00,12.03.25 16-22-59,34.0,-13.0,0.0,True,True,False,tynn hinne igjen på rør,3.738,3.0940000000000003,1,873.6,./main/output/plots/12.03.25 16-22-05.png
6,1,BASIS,Motor,12.03.25 16-40-59.csv,208,12.03.25 16-40-00,12.03.25 16-41-59,36.0,,-21.0,True,True,False,Liten avrivning,5.091049,2.744,1,277.23,./main/output/plots/12.03.25 16-40-59.png
6,1,APEX,Motor,12.03.25 16-54-19.csv,208,12.03.25 16-53-00,12.03.25 16-54-59,36.0,-17.0,-8.0,True,False,True,"Festet på muske, mye strekk i tunga",11.707214,6.067993,1,577.61,./main/output/plots/12.03.25 16-54-19.png
6,2,BASIS,Rykk,12.03.25 16-42-47.csv,207,12.03.25 16-42-00,12.03.25 16-42-59,36.0,,-13.0,True,True,False,"Satt veldig godt, slapp ikke ved rykk så ble mer ""dratt"" av",5.891992999999999,5.308,1,1110.87,./main/output/plots/12.03.25 16-42-47.png
6,2,APEX,Rykk,12.03.25 16-57-55.csv,207,12.03.25 16-56-00,12.03.25 16-58-59,35.0,-11.0,-25.0,True,False,True,"På muskel, løsnet lett",3.220015,2.076015,1,247.07,./main/output/plots/12.03.25 16-57-55.png
6,3,BASIS,Rykk,12.03.25 16-44-35.csv,180,12.03.25 16-43-00,12.03.25 16-44-59,36.0,0.0,-8.0,True,True,False,Satt godt fast,3.819,3.136,1,1201.33,./main/output/plots/12.03.25 16-44-35.png
6,3,APEX,Rykk,12.03.25 16-59-34.csv,180,12.03.25 16-58-00,12.03.25 16-59-59,35.0,-12.0,-20.0,True,False,True,På muskel ,5.248,4.547985000000001,1,521.43,./main/output/plots/12.03.25 16-59-34.png
6,4,APEX,Motor,12.03.25 16-48-43.csv,225,12.03.25 16-47-00,12.03.25 16-48-59,36.0,-2.0,-21.0,True,False,False,Løsnet lett,4.508382,2.767213,1,73.71,./main/output/plots/12.03.25 16-48-43.png
6,4,BASIS,Rykk,12.03.25 17-00-57.csv,225,12.03.25 17-00-00,12.03.25 17-01-59,35.0,-15.0,-13.0,True,True,False,"Satt veldig godt, løftet røret, mye avrivning",5.156,2.532,1,1244.25,./main/output/plots/12.03.25 17-00-57.png
6,5,APEX,Motor,12.03.25 16-50-53.csv,147,12.03.25 16-49-00,12.03.25 16-51-59,36.0,-11.0,-20.0,True,False,True,"På muskel, frostskade",6.3322140000000005,2.452016,1,636.99,./main/output/plots/12.03.25 16-50-53.png
6,5,BASIS,Motor,12.03.25 17-02-42.csv,147,12.03.25 17-01-00,12.03.25 17-03-59,33.0,-17.0,-12.0,True,True,False,"Rolig avrivning, mye igjen på pipe",5.022264,2.103015,1,956.76,./main/output/plots/12.03.25 17-02-42.png
6,6,APEX,Motor,12.03.25 16-52-43.csv,178,12.03.25 16-51-00,12.03.25 16-52-59,36.0,-15.0,-13.0,True,False,True,Dårlig apex,6.515214,3.095,1,212.23,./main/output/plots/12.03.25 16-52-43.png
6,6,BASIS,Rykk,12.03.25 17-05-58.csv,178,12.03.25 17-05-00,12.03.25 17-06-59,35.0,-10.0,-21.0,True,False,False,"Satt godt, to/tre mindre rykk",6.542,3.68,1,1879.21,./main/output/plots/12.03.25 17-05-58.png
7,1,BASIS,Rykk,12.03.25 17-34-20.csv,222,12.03.25 17-33-00,12.03.25 17-34-59,35.0,,-28.0,True,False,False,Løsnet lett,2.644,1.92,1,289.13,./main/output/plots/12.03.25 17-34-20.png
7,1,APEX,Motor,12.03.25 17-45-51.csv,222,12.03.25 17-45-00,12.03.25 17-46-59,35.0,-22.0,-19.0,True,True,True,"Dårlig resultat, satt veldig godt og løftet røret",12.887214,4.779999999999999,1,1394.25,./main/output/plots/12.03.25 17-45-51.png
7,2,APEX,Rykk,12.03.25 17-35-53.csv,262,12.03.25 17-34-00,12.03.25 17-36-59,35.0,,-24.0,True,False,True,Løsnet lett,4.996,2.3520000000000003,1,480.4,./main/output/plots/12.03.25 17-35-53.png
7,2,BASIS,Rykk,12.03.25 17-50-01.csv,262,12.03.25 17-49-00,12.03.25 17-50-59,34.0,-7.0,-21.0,True,False,False,,2.582993,2.111,1,319.56,./main/output/plots/12.03.25 17-50-01.png
7,3,APEX,Rykk,12.03.25 17-37-39.csv,209,12.03.25 17-37-00,12.03.25 17-39-59,36.0,-6.0,-20.0,True,False,True,"Dårlig forsøk, la på tunge før sampling startet",4.700986,1.0300070000000003,2,1158.97,./main/output/plots/12.03.25 17-37-39.png
7,3,BASIS,Motor,12.03.25 17-51-26.csv,209,12.03.25 17-50-00,12.03.25 17-51-59,34.0,-10.0,-20.0,True,False,False,,9.867213,7.4792,1,867.06,./main/output/plots/12.03.25 17-51-26.png
7,4,BASIS,Motor,12.03.25 17-39-58.csv,213,12.03.25 17-39-00,12.03.25 17-41-59,35.0,-8.0,-39.0,True,True,False,"Liten avrivning, fint drag - slapp ikke lett",8.246213,5.704000000000001,1,513.17,./main/output/plots/12.03.25 17-39-58.png
7,4,APEX,Motor,12.03.25 17-53-54.csv,213,12.03.25 17-53-00,12.03.25 17-54-59,32.0,-14.0,-12.0,True,True,True,Dårlig og seig apex,6.275217,2.443993,1,803.52,./main/output/plots/12.03.25 17-53-54.png
7,5,APEX,Rykk,12.03.25 17-42-27.csv,178,12.03.25 17-40-00,12.03.25 17-42-59,33.0,-8.0,-24.0,True,False,True,,3.207,1.623,1,266.3,./main/output/plots/12.03.25 17-42-27.png
7,5,BASIS,Motor,12.03.25 17-55-43.csv,178,12.03.25 17-55-00,12.03.25 17-56-59,33.0,-15.0,-4.0,True,False,False,,8.139214,4.268007,1,619.12,./main/output/plots/12.03.25 17-55-43.png
7,6,BASIS,Motor,12.03.25 17-44-18.csv,203,12.03.25 17-43-00,12.03.25 17-44-59,35.0,-14.0,-25.0,True,False,False,Løsnet lett,5.551198,2.543,1,269.14,./main/output/plots/12.03.25 17-44-18.png
7,6,APEX,Rykk,12.03.25 17-57-08.csv,203,12.03.25 17-57-00,12.03.25 17-59-59,33.0,-15.0,-5.0,True,True,True,Hinne løsnet,8.047993,6.192015,1,783.37,./main/output/plots/12.03.25 17-57-08.png
8,1,BASIS,Rykk,12.03.25 18-09-20.csv,251,12.03.25 18-08-00,12.03.25 18-09-59,33.0,,-26.0,True,False,False,,4.915007,3.667,1,562.34,./main/output/plots/12.03.25 18-09-20.png
8,1,APEX,Rykk,12.03.25 18-23-48.csv,251,12.03.25 18-23-00,12.03.25 18-24-59,34.0,-10.0,-25.0,True,False,True,kontaktareal på overgang hinne/muskel,2.7079910000000007,2.056,1,399.4,./main/output/plots/12.03.25 18-23-48.png
8,2,APEX,Rykk,12.03.25 18-11-12.csv,164,12.03.25 18-10-00,12.03.25 18-11-59,33.0,,-20.0,True,False,True,"bra rykk, på muskel",7.661,5.204999999999999,1,692.08,./main/output/plots/12.03.25 18-11-12.png
8,2,BASIS,Motor,12.03.25 18-25-40.csv,164,12.03.25 18-24-00,12.03.25 18-25-59,33.0,-13.0,-20.0,True,False,False,Løsnet lett,6.3722140000000005,3.4880150000000003,2,155.18,./main/output/plots/12.03.25 18-25-40.png
8,3,BASIS,Motor,12.03.25 18-13-13.csv,254,12.03.25 18-11-00,12.03.25 18-13-59,35.0,-7.0,-8.0,True,True,False,"Rift i muskel, løftet røret, litt sen sampling. Lekkasje i pose, grå ""kokt"" tunge",13.246214,7.584,1,625.16,./main/output/plots/12.03.25 18-13-13.png
8,3,APEX,Rykk,12.03.25 18-27-04.csv,254,12.03.25 18-26-00,12.03.25 18-27-59,35.0,-16.0,-15.0,True,True,False,"Trengte to rykk, løftet rør først. Lekkasje i pose, grå ""kokt"" tunge",8.526,4.718,1,1477.83,./main/output/plots/12.03.25 18-27-04.png
8,4,BASIS,Motor,12.03.25 18-15-56.csv,155,12.03.25 18-14-00,12.03.25 18-16-59,34.0,-12.0,-8.0,True,True,False,"Løftet rør, lang kontakt",10.229214,5.744000000000001,1,1833.07,./main/output/plots/12.03.25 18-15-56.png
8,4,APEX,Motor,12.03.25 18-29-54.csv,155,12.03.25 18-29-00,12.03.25 18-31-59,34.0,-10.0,-12.0,True,True,True,"Løftet rør, tunge datt ned fra mount",9.740214000000002,3.084,1,1472.15,./main/output/plots/12.03.25 18-29-54.png
8,5,APEX,Motor,12.03.25 18-17-57.csv,178,12.03.25 18-16-00,12.03.25 18-18-59,34.0,-11.0,-3.0,True,True,True,løs hinne som løsnet,4.452214,1.5200000000000002,1,252.88,./main/output/plots/12.03.25 18-17-57.png
8,5,BASIS,Rykk,12.03.25 18-32-31.csv,178,12.03.25 18-31-00,12.03.25 18-32-59,34.0,-11.0,-9.0,True,True,False,"Bra rykk, holdt mulignes borti røret ved rykk",7.862015,6.533985,2,1282.42,./main/output/plots/12.03.25 18-32-31.png
8,6,APEX,Motor,12.03.25 18-22-25.csv,197,12.03.25 18-20-00,12.03.25 18-22-59,33.0,-6.0,-27.0,True,False,True,"ingen hinne, løsnet lett",7.991213999999999,4.855993,1,13.78,./main/output/plots/12.03.25 18-22-25.png
8,6,BASIS,Rykk,12.03.25 18-33-58.csv,197,12.03.25 18-33-00,12.03.25 18-34-59,33.0,-11.0,-6.0,True,True,False,"Trengte to rykk, touchet røret ved avrivning",3.24,2.2440070000000003,1,1380.59,./main/output/plots/12.03.25 18-33-58.png
9,1,BASIS,Motor,12.03.25 18-47-21.csv,178,12.03.25 18-46-00,12.03.25 18-47-59,35.0,,-20.0,True,True,False,Kjørte motor litt ned etter sampling hadde begynt,7.426206,1.849,1,550.96,./main/output/plots/12.03.25 18-47-21.png
9,1,APEX,Motor,12.03.25 18-58-33.csv,178,12.03.25 18-57-00,12.03.25 18-58-59,33.0,-12.0,-18.0,True,True,False,"middels apex, satt godt og løsnet fra mount",7.738215999999999,3.907993,1,1613.92,./main/output/plots/12.03.25 18-58-33.png
9,2,BASIS,Rykk,12.03.25 18-49-16.csv,240,12.03.25 18-48-00,12.03.25 18-49-59,32.0,,-15.0,True,True,False,"Stor avrivning, måtte holde røret som ble løftet",7.441,4.172998,1,1717.64,./main/output/plots/12.03.25 18-49-16.png
9,2,APEX,Rykk,12.03.25 19-00-12.csv,240,12.03.25 18-59-00,12.03.25 19-00-59,32.0,-14.0,-14.0,True,True,True,Trengte to rykk,10.718985,2.411071,1,1624.8,./main/output/plots/12.03.25 19-00-12.png
9,3,APEX,Rykk,12.03.25 18-51-09.csv,189,12.03.25 18-50-00,12.03.25 18-51-59,34.0,-8.0,-11.0,True,True,True,På muskel,4.100993,3.059009,1,572.08,./main/output/plots/12.03.25 18-51-09.png
9,3,BASIS,Rykk,12.03.25 19-02-08.csv,189,12.03.25 19-01-00,12.03.25 19-02-59,34.0,-13.0,-13.0,True,True,False,Bra rykk og fin skade,3.792007,3.104,1,1652.94,./main/output/plots/12.03.25 19-02-08.png
9,4,BASIS,Rykk,12.03.25 18-52-44.csv,189,12.03.25 18-51-00,12.03.25 18-52-59,33.0,-10.0,-6.0,True,True,False,Satt godt fast mtp kontakttid,2.8880000000000003,1.4400000000000002,1,1724.15,./main/output/plots/12.03.25 18-52-44.png
9,4,APEX,Motor,12.03.25 19-03-35.csv,189,12.03.25 19-02-00,12.03.25 19-03-59,32.0,-8.0,-11.0,True,True,False,"middels apex, liten avrivning",9.825205,6.435027,1,472.42,./main/output/plots/12.03.25 19-03-35.png
9,5,APEX,Motor,12.03.25 18-55-29.csv,247,12.03.25 18-54-00,12.03.25 18-55-59,34.0,,-25.0,True,True,False,"ok apex, liten avrivning, rørte røret ved drag pga god adhesjon",7.718214,3.368015,1,1070.89,./main/output/plots/12.03.25 18-55-29.png
9,5,BASIS,Motor,12.03.25 19-05-01.csv,247,12.03.25 19-04-00,12.03.25 19-05-59,34.0,,-10.0,True,True,False,Løsnet greit,8.419213000000001,3.008,1,908.03,./main/output/plots/12.03.25 19-05-01.png
9,6,APEX,Rykk,12.03.25 18-57-04.csv,211,12.03.25 18-56-00,12.03.25 18-57-59,32.0,-9.0,-23.0,True,False,False,Slapp lett,2.264007,1.092014,1,327.83,./main/output/plots/12.03.25 18-57-04.png
9,6,BASIS,Motor,12.03.25 19-06-37.csv,211,12.03.25 19-05-00,12.03.25 19-06-59,31.0,-4.0,-7.0,True,True,False,,6.374207,2.059,1,985.67,./main/output/plots/12.03.25 19-06-37.png
10,1,APEX,Motor,25.03.25 12-48-13.csv,193,25.03.25 12-47-00,25.03.25 12-48-59,35.0,-8.0,-28.0,True,False,False,Overgang løs hinne,5.332206,2.349909,1,713.1,./main/output/plots/25.03.25 12-48-13.png
10,1,BASIS,Rykk,25.03.25 13-02-10.csv,193,25.03.25 13-02-00,25.03.25 13-03-59,36.0,-25.0,-19.0,True,True,False,Liten avrivning,3.312015,1.787804,1,491.85,./main/output/plots/25.03.25 13-02-10.png
10,2,BASIS,Motor,25.03.25 12-50-21.csv,204,25.03.25 12-49-00,25.03.25 12-50-59,37.0,-25.0,-16.0,True,True,False,,8.686198,6.052,1,394.43,./main/output/plots/25.03.25 12-50-21.png
10,2,APEX,Motor,25.03.25 13-04-12.csv,204,25.03.25 13-03-00,25.03.25 13-04-59,35.0,-26.0,-12.0,True,False,False,,6.723212,3.904,1,383.71,./main/output/plots/25.03.25 13-04-12.png
10,3,APEX,Rykk,25.03.25 12-52-18.csv,174,25.03.25 12-51-00,25.03.25 12-52-59,37.0,-26.0,-17.0,True,True,True,løs hinne som ble igjen,3.116015,1.804,1,951.17,./main/output/plots/25.03.25 12-52-18.png
10,3,BASIS,Motor,25.03.25 13-07-53.csv,174,25.03.25 13-07-00,25.03.25 13-08-59,36.0,-10.0,-8.0,True,False,False,,8.980214,6.233,1,551.44,./main/output/plots/25.03.25 13-07-53.png
10,4,BASIS,Motor,25.03.25 12-54-20.csv,173,25.03.25 12-53-00,25.03.25 12-54-59,35.0,-21.0,-7.0,True,False,False,,9.280213,6.7090000000000005,1,422.2,./main/output/plots/25.03.25 12-54-20.png
10,4,APEX,Motor,25.03.25 13-09-37.csv,173,25.03.25 13-08-00,25.03.25 13-09-59,37.0,-14.0,-7.0,True,True,True,"Hinne løsnet, står ""før"" på etter-bildet",5.950212,3.208,1,385.6,./main/output/plots/25.03.25 13-09-37.png
10,5,BASIS,Rykk,25.03.25 12-58-34.csv,178,25.03.25 12-57-00,25.03.25 12-58-59,31.0,-11.0,-31.0,True,False,False,,7.979999999999999,5.264007,2,120.86,./main/output/plots/25.03.25 12-58-34.png
10,5,APEX,Rykk,25.03.25 13-11-24.csv,178,25.03.25 13-10-00,25.03.25 13-12-59,35.0,-17.0,-6.0,True,True,False,Fine skader. På formalin,7.062985,4.963,1,1940.82,./main/output/plots/25.03.25 13-11-24.png
10,6,APEX,Rykk,25.03.25 13-00-35.csv,186,25.03.25 13-00-00,25.03.25 13-01-59,35.0,-21.0,-23.0,True,False,True,,6.733015,3.803,1,607.81,./main/output/plots/25.03.25 13-00-35.png
10,6,BASIS,Rykk,25.03.25 13-15-27.csv,186,25.03.25 13-15-00,25.03.25 13-16-59,33.0,-10.0,1.0,False,False,False,Satt ikke fast i røret - validerer IR kamera,4.976000000000001,2.8040070000000004,1,79.34,./main/output/plots/25.03.25 13-15-27.png
11,1,APEX,Rykk,25.03.25 13-31-46.csv,230,25.03.25 13-31-00,25.03.25 13-32-59,35.0,-22.0,-5.0,True,False,True,blodig overflate på tunge,8.059,4.602998,1,560.32,./main/output/plots/25.03.25 13-31-46.png
11,1,BASIS,Rykk,25.03.25 13-44-38.csv,230,25.03.25 13-43-00,25.03.25 13-44-59,37.0,-5.0,-16.0,True,False,False,,4.542999999999999,2.851,1,701.41,./main/output/plots/25.03.25 13-44-38.png
11,2,APEX,Rykk,25.03.25 13-33-28.csv,188,25.03.25 13-33-00,25.03.25 13-33-59,37.0,-15.0,-15.0,True,False,True,"Tunge ser grå ut, men ingen vannlekkasje",4.723993,3.791993,1,199.52,./main/output/plots/25.03.25 13-33-28.png
11,2,BASIS,Motor,25.03.25 13-46-22.csv,188,25.03.25 13-45-00,25.03.25 13-46-59,37.0,-8.0,-12.0,True,True,False,Liten avrivning,10.975213,4.964008,1,494.62,./main/output/plots/25.03.25 13-46-22.png
11,3,BASIS,Rykk,25.03.25 13-35-45.csv,187,25.03.25 13-35-00,25.03.25 13-35-59,37.0,-20.0,-8.0,True,True,False,"Nytt rør, IR viser varmere temp enn forrige rør mens sensor synker. Devaliderer ir?",2.766993,1.878993,1,2031.12,./main/output/plots/25.03.25 13-35-45.png
11,3,APEX,Motor,25.03.25 13-48-18.csv,187,25.03.25 13-47-00,25.03.25 13-48-59,35.0,-10.0,-10.0,True,False,True,"Ingen hinne, rett på muskel. Bra bilde av frostskade",11.132205,5.783985,1,498.45,./main/output/plots/25.03.25 13-48-18.png
11,4,BASIS,Rykk,25.03.25 13-37-28.csv,194,25.03.25 13-36-00,25.03.25 13-37-59,36.0,-22.0,-10.0,True,True,False,Trengte to rykk,3.264,2.1980000000000004,1,1296.66,./main/output/plots/25.03.25 13-37-28.png
11,4,APEX,Motor,25.03.25 13-49-57.csv,194,25.03.25 13-49-00,25.03.25 13-50-59,37.0,-10.0,-5.0,True,True,True,løs hinne som løsnet,6.508212,2.528015,1,315.09,./main/output/plots/25.03.25 13-49-57.png
11,5,BASIS,Motor,25.03.25 13-39-10.csv,182,25.03.25 13-38-00,25.03.25 13-39-59,37.0,-20.0,-9.0,True,True,False,"løftet røret, fin skade på formalin",8.123258,4.068,1,1718.72,./main/output/plots/25.03.25 13-39-10.png
11,5,APEX,Motor,25.03.25 13-53-43.csv,182,25.03.25 13-53-00,25.03.25 13-53-59,37.0,-2.0,-2.0,False,True,True,"løs hinne som løsnet, på formalin",4.751213000000001,1.624,1,317.28,./main/output/plots/25.03.25 13-53-43.png
11,6,APEX,Rykk,25.03.25 13-41-14.csv,220,25.03.25 13-39-00,25.03.25 13-41-59,37.0,-15.0,-1.0,True,True,True,løs hinne som løsnet,6.1309890000000005,3.967000000000001,1,914.48,./main/output/plots/25.03.25 13-41-14.png
11,6,BASIS,Motor,25.03.25 13-56-30.csv,220,25.03.25 13-56-00,25.03.25 13-56-59,36.0,-5.0,1.0,False,False,False,ingen adhesjon (validerer IR sensor temp),13.515,2.172,1,61.76,./main/output/plots/25.03.25 13-56-30.png
12,1,BASIS,Motor,25.03.25 14-26-04.csv,163,25.03.25 14-24-00,25.03.25 14-26-59,34.0,-19.0,-21.0,True,False,False,,8.619212999999998,5.100015,1,277.71,./main/output/plots/25.03.25 14-26-04.png
12,1,APEX,Motor,25.03.25 14-43-40.csv,163,25.03.25 14-42-00,25.03.25 14-43-59,36.0,-18.0,-7.0,True,True,False,Avrivning av delvis løs hinne,6.233264,1.876,1,528.58,./main/output/plots/25.03.25 14-43-40.png
12,2,BASIS,Motor,25.03.25 14-29-24.csv,180,25.03.25 14-28-00,25.03.25 14-29-59,34.0,-25.0,-13.0,True,False,False,,8.692212999999999,4.772002,1,270.05,./main/output/plots/25.03.25 14-29-24.png
12,2,APEX,Rykk,25.03.25 14-47-55.csv,180,25.03.25 14-47-00,25.03.25 14-48-59,34.0,-10.0,-10.0,True,False,False,Trengte to rykk,5.82,4.048,1,2042.97,./main/output/plots/25.03.25 14-47-55.png
12,3,APEX,Rykk,25.03.25 14-32-58.csv,222,25.03.25 14-32-00,25.03.25 14-33-59,36.0,-14.0,-18.0,True,False,True,,7.864000000000001,5.396,1,981.26,./main/output/plots/25.03.25 14-32-58.png
12,3,BASIS,Rykk,25.03.25 14-50-18.csv,222,25.03.25 14-49-00,25.03.25 14-50-59,35.0,-12.0,-3.0,True,False,False,Står apex på bildet,9.004,4.843999999999999,1,2059.07,./main/output/plots/25.03.25 14-50-18.png
12,4,APEX,Motor,25.03.25 14-37-27.csv,185,25.03.25 14-36-00,25.03.25 14-37-59,36.0,-16.0,-25.0,True,False,False,Bra bilder av frostskade,9.643213,5.875,1,221.28,./main/output/plots/25.03.25 14-37-27.png
12,4,BASIS,Rykk,25.03.25 14-53-09.csv,185,25.03.25 14-52-00,25.03.25 14-53-59,36.0,-6.0,-2.0,True,True,False,,7.1450000000000005,4.789,1,2098.37,./main/output/plots/25.03.25 14-53-09.png
12,5,APEX,Rykk,25.03.25 14-39-42.csv,225,25.03.25 14-38-00,25.03.25 14-39-59,34.0,-23.0,-16.0,True,False,True,bra bilde av skade,5.711,3.848014,1,948.91,./main/output/plots/25.03.25 14-39-42.png
12,5,BASIS,Motor,25.03.25 14-55-10.csv,225,25.03.25 14-54-00,25.03.25 14-55-59,35.0,-6.0,-4.0,True,True,False,,9.785198,5.730001,1,1415.02,./main/output/plots/25.03.25 14-55-10.png
12,6,BASIS,Motor,25.03.25 14-42-06.csv,175,25.03.25 14-40-00,25.03.25 14-42-59,35.0,-21.0,-13.0,True,True,False,,5.359213,1.924007,1,1361.7,./main/output/plots/25.03.25 14-42-06.png
12,6,APEX,Rykk,25.03.25 14-56-48.csv,175,25.03.25 14-56-00,25.03.25 14-57-59,35.0,-6.0,0.0,False,False,False,"ingen adhesjon, varmt rør",5.467984,3.684,1,75.03,./main/output/plots/25.03.25 14-56-48.png
13,1,APEX,Motor,25.03.25 15-18-45.csv,230,25.03.25 15-17-00,25.03.25 15-19-59,36.0,-9.0,-25.0,True,False,True,,9.091212,6.936,1,111.62,./main/output/plots/25.03.25 15-18-45.png
13,1,BASIS,Rykk,25.03.25 15-36-57.csv,230,25.03.25 15-36-00,25.03.25 15-37-59,36.0,-14.0,-10.0,True,True,False,,10.803985,7.684015,1,1893.87,./main/output/plots/25.03.25 15-36-57.png
13,2,BASIS,Motor,25.03.25 15-20-53.csv,210,25.03.25 15-20-00,25.03.25 15-21-59,36.0,-22.0,-20.0,True,False,False,på formalin,5.584001,1.4799999999999995,1,161.49,./main/output/plots/25.03.25 15-20-53.png
13,2,APEX,Rykk,25.03.25 15-38-38.csv,210,25.03.25 15-38-00,25.03.25 15-39-59,36.0,-12.0,-7.0,True,True,False,"Pent bilde, på formalin",10.454,9.406007,1,1314.98,./main/output/plots/25.03.25 15-38-38.png
13,3,APEX,Rykk,25.03.25 15-23-41.csv,170,25.03.25 15-22-00,25.03.25 15-23-59,34.0,-23.0,-5.0,True,True,False,"dobbelt rykk, på formalin",5.841997,4.27,1,1681.46,./main/output/plots/25.03.25 15-23-41.png
13,3,BASIS,Motor,25.03.25 15-43-09.csv,170,25.03.25 15-42-00,25.03.25 15-43-59,35.0,-18.0,-27.0,True,False,False,bra bilde av skade,8.555212999999998,6.163,1,250.6,./main/output/plots/25.03.25 15-43-09.png
13,4,BASIS,Rykk,25.03.25 15-25-39.csv,194,25.03.25 15-25-00,25.03.25 15-26-59,36.0,-17.0,-5.0,True,True,False,"dobbelt rykk, bra skade",11.995007,5.003007,1,2602.67,./main/output/plots/25.03.25 15-25-39.png
13,4,APEX,Rykk,25.03.25 15-46-41.csv,194,25.03.25 15-46-00,25.03.25 15-46-59,36.0,-24.0,-16.0,True,True,True,løs hinne som løsnet,3.16,2.28,1,821.75,./main/output/plots/25.03.25 15-46-41.png
13,5,APEX,Rykk,25.03.25 15-32-50.csv,183,25.03.25 15-32-00,25.03.25 15-33-59,36.0,-10.0,-16.0,True,False,False,,7.707028999999999,5.703976,1,1165.73,./main/output/plots/25.03.25 15-32-50.png
13,5,BASIS,Motor,25.03.25 15-48-21.csv,183,25.03.25 15-47-00,25.03.25 15-48-59,36.0,-21.0,-9.0,True,True,False,Bra bilde av skade,6.930213,2.4720070000000005,1,1286.25,./main/output/plots/25.03.25 15-48-21.png
13,6,BASIS,Motor,25.03.25 15-35-03.csv,153,25.03.25 15-34-00,25.03.25 15-35-59,35.0,-14.0,-15.0,True,True,False,bilde av skade igjen på rør,11.886212,4.824,1,1832.09,./main/output/plots/25.03.25 15-35-03.png
13,6,APEX,Motor,25.03.25 15-49-59.csv,153,25.03.25 15-49-00,25.03.25 15-50-59,35.0,-16.0,-8.0,True,True,True,løs hinne som løsnet,6.102212,2.196,1,543.16,./main/output/plots/25.03.25 15-49-59.png
14,1,APEX,Motor,25.03.25 16-28-57.csv,199,25.03.25 16-28-00,25.03.25 16-29-59,37.0,-7.0,-28.0,True,False,True,,10.460212,7.467015000000001,1,322.74,./main/output/plots/25.03.25 16-28-57.png
14,1,BASIS,Motor,25.03.25 16-44-41.csv,199,25.03.25 16-44-00,25.03.25 16-45-59,36.0,-27.0,-16.0,True,True,False,FLYVENDE TUNGE!,7.419213,1.616,1,1777.28,./main/output/plots/25.03.25 16-44-41.png
14,2,BASIS,Motor,25.03.25 16-30-56.csv,230,25.03.25 16-30-00,25.03.25 16-31-59,36.0,-17.0,-20.0,True,True,False,,4.835213,1.763993,1,921.93,./main/output/plots/25.03.25 16-30-56.png
14,2,APEX,Motor,25.03.25 16-50-46.csv,230,25.03.25 16-50-00,25.03.25 16-51-59,35.0,-6.0,-21.0,True,True,True,Tunga fløy! Bra test,6.499198,1.788,1,1165.42,./main/output/plots/25.03.25 16-50-46.png
14,3,BASIS,Rykk,25.03.25 16-33-25.csv,172,25.03.25 16-32-00,25.03.25 16-33-59,35.0,-22.0,-15.0,True,True,False,Liten avrivning,6.622985,2.927,1,1334.43,./main/output/plots/25.03.25 16-33-25.png
14,3,APEX,Rykk,25.03.25 16-53-50.csv,172,25.03.25 16-53-00,25.03.25 16-54-59,32.0,-11.0,-11.0,True,False,False,,8.696,4.54,1,740.25,./main/output/plots/25.03.25 16-53-50.png
14,4,APEX,Rykk,25.03.25 16-35-21.csv,164,25.03.25 16-34-00,25.03.25 16-35-59,35.0,-20.0,-16.0,True,True,False,på formalin,9.223,2.3120000000000003,1,1460.04,./main/output/plots/25.03.25 16-35-21.png
14,4,BASIS,Rykk,25.03.25 16-57-15.csv,164,25.03.25 16-57-00,25.03.25 16-57-59,36.0,-9.0,-4.0,True,True,False,,6.699,5.011,1,1675.45,./main/output/plots/25.03.25 16-57-15.png
14,5,APEX,Motor,25.03.25 16-40-37.csv,212,25.03.25 16-39-00,25.03.25 16-40-59,34.0,-15.0,-32.0,True,False,False,,10.247267,4.159996,1,218.12,./main/output/plots/25.03.25 16-40-37.png
14,5,BASIS,Rykk,25.03.25 17-03-21.csv,212,25.03.25 17-03-00,25.03.25 17-03-59,33.0,-5.0,-20.0,True,False,False,,11.007,6.288010000000002,2,884.81,./main/output/plots/25.03.25 17-03-21.png
14,6,BASIS,Rykk,25.03.25 16-43-05.csv,169,25.03.25 16-42-00,25.03.25 16-43-59,34.0,-25.0,-25.0,True,False,False,,5.566999999999999,3.222993,1,129.1,./main/output/plots/25.03.25 16-43-05.png
14,6,APEX,Motor,25.03.25 17-05-52.csv,169,25.03.25 17-05-00,25.03.25 17-06-59,34.0,-12.0,-11.0,True,False,False,"Rift i tunge, øvre del",8.183213,3.978,1,624.53,./main/output/plots/25.03.25 17-05-52.png
